id,text,sentiment
1,The new environmental policies are really effective in reducing pollution.,positive
2,I am not sure if the new climate regulations will have any impact.,neutral
3,The government is not doing enough to tackle climate change.,negative
4,Renewable energy sources are a great step towards sustainability.,positive
5,I don't think recycling programs are being implemented properly.,negative
6,"Environmental awareness is increasing, and that's a good sign.",positive
7,There is too much misinformation about climate change.,neutral
8,I am worried about the future of our planet due to global warming.,negative
9,Many companies are now adopting eco-friendly practices.,positive
10,The effects of deforestation are devastating to wildlife.,negative
11,It's hard to tell if electric cars will really reduce emissions.,neutral
12,The air quality has improved significantly in recent years.,positive
13,Water conservation efforts need more attention from the public.,neutral
14,Industrial pollution continues to be a major problem.,negative
15,Community clean-up drives are making a difference in our neighborhood.,positive
16,The impact of plastic waste on oceans is alarming.,negative
17,I'm hopeful that technological advances will solve environmental issues.,positive
18,There are still many challenges in managing waste effectively.,neutral
19,The loss of biodiversity is a serious concern that needs addressing.,negative
20,Public transport systems are getting better and more eco-friendly.,positive
